<?xml version="1.0" encoding="UTF-8"?>
<project-private xmlns="http://www.netbeans.org/ns/project-private/1">
    <editor-bookmarks xmlns="http://www.netbeans.org/ns/editor-bookmarks/2" lastBookmarkId="0"/>
    <open-files xmlns="http://www.netbeans.org/ns/projectui-open-files/2">
        <group>
            <file>file:/C:/Users/radhi/Desktop/ECE%204760/Lab%205/Big_board_pt_1_2/brainstorm.c</file>
            <file>file:/C:/Users/radhi/Desktop/ECE%204760/Lab%205/Big_board_pt_1_2/bubble.h</file>
        </group>
    </open-files>
</project-private>
